날짜,주식,주가변동여부,거래량변동여부
2021-07-16,한전기술,0,0
2021-07-15,한전기술,1,1
2021-07-14,한전기술,0,0
2021-07-13,한전기술,0,0
2021-07-12,한전기술,0,0
2021-07-09,한전기술,1,1
2021-07-08,한전기술,0,0
2021-07-07,한전기술,0,0
2021-07-06,한전기술,1,1
2021-07-05,한전기술,0,0
2021-07-02,한전기술,1,1
2021-07-01,한전기술,0,1
2021-06-30,한전기술,0,0
2021-06-29,한전기술,1,1
2021-06-28,한전기술,0,0
2021-06-25,한전기술,1,0
2021-06-24,한전기술,1,1
2021-06-23,한전기술,0,1
2021-06-22,한전기술,0,0
2021-06-21,한전기술,0,1
2021-06-18,한전기술,0,1
2021-06-17,한전기술,0,0
2021-06-16,한전기술,1,1
2021-06-15,한전기술,0,0
2021-06-14,한전기술,1,0
2021-06-11,한전기술,0,0
2021-06-10,한전기술,0,1
2021-06-09,한전기술,0,0
2021-06-08,한전기술,0,0
2021-06-07,한전기술,1,1
2021-06-04,한전기술,1,1
2021-06-03,한전기술,0,0
2021-06-02,한전기술,1,1
2021-06-01,한전기술,0,1
2021-05-31,한전기술,0,0
2021-05-28,한전기술,1,1
2021-05-27,한전기술,1,0
2021-05-26,한전기술,1,1
2021-05-25,한전기술,0,0
2021-05-24,한전기술,0,0
2021-05-21,한전기술,0,1
2021-05-20,한전기술,1,1
2021-05-18,한전기술,1,1
2021-05-17,한전기술,1,1
2021-05-14,한전기술,0,0
2021-05-13,한전기술,1,1
2021-05-12,한전기술,1,0
2021-05-11,한전기술,1,1
2021-05-10,한전기술,1,0
2021-05-07,한전기술,1,1
2021-05-06,한전기술,0,0
2021-05-04,한전기술,0,1
2021-05-03,한전기술,0,0
2021-04-30,한전기술,1,1
2021-04-29,한전기술,0,0
2021-04-28,한전기술,0,0
2021-04-27,한전기술,1,0
2021-04-26,한전기술,0,0
2021-04-23,한전기술,0,0
2021-04-22,한전기술,1,1
2021-04-21,한전기술,1,0
2021-04-20,한전기술,1,1
2021-04-19,한전기술,1,0
2021-04-16,한전기술,0,0
2021-04-15,한전기술,1,1
2021-04-14,한전기술,1,1
2021-04-13,한전기술,1,0
2021-04-12,한전기술,1,1
2021-04-09,한전기술,1,0
2021-04-08,한전기술,1,1
2021-04-07,한전기술,0,0
2021-04-06,한전기술,1,1
2021-04-05,한전기술,1,0
2021-04-02,한전기술,1,1
2021-04-01,한전기술,1,1
2021-03-31,한전기술,1,1
2021-03-30,한전기술,1,0
2021-03-29,한전기술,1,1
2021-03-26,한전기술,1,1
2021-03-25,한전기술,1,0
2021-03-24,한전기술,0,0
2021-03-23,한전기술,0,1
2021-03-22,한전기술,1,1
2021-03-19,한전기술,0,0
2021-03-18,한전기술,0,0
2021-03-17,한전기술,1,1
2021-03-16,한전기술,1,0
2021-03-15,한전기술,0,0
2021-03-12,한전기술,0,0
2021-03-11,한전기술,1,1
2021-03-10,한전기술,0,0
2021-03-09,한전기술,1,1
2021-03-08,한전기술,1,0
2021-03-05,한전기술,1,1
2021-03-04,한전기술,1,1
2021-03-03,한전기술,1,0
2021-03-02,한전기술,1,0
2021-02-26,한전기술,0,1
2021-02-25,한전기술,1,0
2021-02-24,한전기술,0,1
2021-02-23,한전기술,1,1
2021-02-22,한전기술,0,0
2021-02-19,한전기술,0,1
2021-02-18,한전기술,0,0
2021-02-17,한전기술,0,1
2021-02-16,한전기술,0,0
2021-02-15,한전기술,1,1
2021-02-10,한전기술,1,0
2021-02-09,한전기술,0,0
2021-02-08,한전기술,1,1
2021-02-05,한전기술,1,1
2021-02-04,한전기술,1,0
2021-02-03,한전기술,0,0
2021-02-02,한전기술,1,1
2021-02-01,한전기술,1,0
2021-01-29,한전기술,0,1
2021-01-28,한전기술,0,0
2021-01-27,한전기술,0,0
2021-01-26,한전기술,1,0
2021-01-25,한전기술,1,0
2021-01-22,한전기술,1,1
2021-01-21,한전기술,1,1
2021-01-20,한전기술,1,0
2021-01-19,한전기술,1,0
2021-01-18,한전기술,0,1
2021-01-15,한전기술,0,1
2021-01-14,한전기술,1,0
2021-01-13,한전기술,0,1
2021-01-12,한전기술,0,0
2021-01-11,한전기술,0,0
2021-01-08,한전기술,1,1
2021-01-07,한전기술,1,1
2021-01-06,한전기술,0,0
2021-01-05,한전기술,1,1
2021-01-04,한전기술,1,1
2020-12-30,한전기술,1,0
2020-12-29,한전기술,0,0
2020-12-28,한전기술,1,1
2020-12-24,한전기술,1,0
2021-07-16,셀트리온,1,1
2021-07-15,셀트리온,1,1
2021-07-14,셀트리온,0,1
2021-07-13,셀트리온,1,1
2021-07-12,셀트리온,1,0
2021-07-09,셀트리온,0,1
2021-07-08,셀트리온,0,1
2021-07-07,셀트리온,0,0
2021-07-06,셀트리온,0,0
2021-07-05,셀트리온,1,1
2021-07-02,셀트리온,0,0
2021-07-01,셀트리온,0,1
2021-06-30,셀트리온,1,1
2021-06-29,셀트리온,0,0
2021-06-28,셀트리온,1,0
2021-06-25,셀트리온,0,1
2021-06-24,셀트리온,0,0
2021-06-23,셀트리온,1,1
2021-06-22,셀트리온,0,0
2021-06-21,셀트리온,1,1
2021-06-18,셀트리온,1,1
2021-06-17,셀트리온,0,0
2021-06-16,셀트리온,0,0
2021-06-15,셀트리온,0,0
2021-06-14,셀트리온,1,1
2021-06-11,셀트리온,0,0
2021-06-10,셀트리온,1,0
2021-06-09,셀트리온,0,1
2021-06-08,셀트리온,1,1
2021-06-07,셀트리온,0,0
2021-06-04,셀트리온,1,0
2021-06-03,셀트리온,0,0
2021-06-02,셀트리온,0,1
2021-06-01,셀트리온,0,0
2021-05-31,셀트리온,1,0
2021-05-28,셀트리온,1,1
2021-05-27,셀트리온,0,1
2021-05-26,셀트리온,0,0
2021-05-25,셀트리온,1,1
2021-05-24,셀트리온,0,1
2021-05-21,셀트리온,0,1
2021-05-20,셀트리온,0,0
2021-05-18,셀트리온,1,0
2021-05-17,셀트리온,0,0
2021-05-14,셀트리온,1,0
2021-05-13,셀트리온,1,1
2021-05-12,셀트리온,0,1
2021-05-11,셀트리온,0,0
2021-05-10,셀트리온,1,0
2021-05-07,셀트리온,1,1
2021-05-06,셀트리온,0,0
2021-05-04,셀트리온,1,0
2021-05-03,셀트리온,0,1
2021-04-30,셀트리온,0,0
2021-04-29,셀트리온,0,0
2021-04-28,셀트리온,0,1
2021-04-27,셀트리온,0,1
2021-04-26,셀트리온,0,1
2021-04-23,셀트리온,0,0
2021-04-22,셀트리온,0,0
2021-04-21,셀트리온,0,0
2021-04-20,셀트리온,0,1
2021-04-19,셀트리온,1,1
2021-04-16,셀트리온,0,0
2021-04-15,셀트리온,0,1
2021-04-14,셀트리온,0,0
2021-04-13,셀트리온,1,1
2021-04-12,셀트리온,1,0
2021-04-09,셀트리온,0,0
2021-04-08,셀트리온,1,1
2021-04-07,셀트리온,1,0
2021-04-06,셀트리온,0,0
2021-04-05,셀트리온,0,1
2021-04-02,셀트리온,0,0
2021-04-01,셀트리온,0,0
2021-03-31,셀트리온,1,0
2021-03-30,셀트리온,0,0
2021-03-29,셀트리온,1,1
2021-03-26,셀트리온,1,1
2021-03-25,셀트리온,1,1
2021-03-24,셀트리온,1,0
2021-03-23,셀트리온,1,1
2021-03-22,셀트리온,1,1
2021-03-19,셀트리온,0,1
2021-03-18,셀트리온,0,1
2021-03-17,셀트리온,0,0
2021-03-16,셀트리온,1,0
2021-03-15,셀트리온,0,1
2021-03-12,셀트리온,1,0
2021-03-11,셀트리온,1,1
2021-03-10,셀트리온,0,0
2021-03-09,셀트리온,0,1
2021-03-08,셀트리온,0,1
2021-03-05,셀트리온,0,0
2021-03-04,셀트리온,1,0
2021-03-03,셀트리온,1,0
2021-03-02,셀트리온,0,0
2021-02-26,셀트리온,0,0
2021-02-25,셀트리온,1,0
2021-02-24,셀트리온,0,1
2021-02-23,셀트리온,0,1
2021-02-22,셀트리온,0,0
2021-02-19,셀트리온,1,1
2021-02-18,셀트리온,0,0
2021-02-17,셀트리온,0,1
2021-02-16,셀트리온,0,0
2021-02-15,셀트리온,1,1
2021-02-10,셀트리온,1,0
2021-02-09,셀트리온,0,1
2021-02-08,셀트리온,0,0
2021-02-05,셀트리온,0,1
2021-02-04,셀트리온,0,0
2021-02-03,셀트리온,0,0
2021-02-02,셀트리온,0,0
2021-02-01,셀트리온,1,1
2021-01-29,셀트리온,0,0
2021-01-28,셀트리온,1,1
2021-01-27,셀트리온,1,0
2021-01-26,셀트리온,1,1
2021-01-25,셀트리온,1,1
2021-01-22,셀트리온,0,0
2021-01-21,셀트리온,1,0
2021-01-20,셀트리온,0,0
2021-01-19,셀트리온,0,1
2021-01-18,셀트리온,0,0
2021-01-15,셀트리온,0,0
2021-01-14,셀트리온,0,1
2021-01-13,셀트리온,0,0
2021-01-12,셀트리온,1,0
2021-01-11,셀트리온,1,1
2021-01-08,셀트리온,1,1
2021-01-07,셀트리온,1,0
2021-01-06,셀트리온,0,0
2021-01-05,셀트리온,1,0
2021-01-04,셀트리온,0,0
2020-12-30,셀트리온,0,0
2020-12-29,셀트리온,1,0
2020-12-28,셀트리온,0,1
2020-12-24,셀트리온,0,1
2021-07-16,카카오게임즈,1,1
2021-07-15,카카오게임즈,0,0
2021-07-14,카카오게임즈,0,0
2021-07-13,카카오게임즈,1,0
2021-07-12,카카오게임즈,0,1
2021-07-09,카카오게임즈,1,0
2021-07-08,카카오게임즈,1,1
2021-07-07,카카오게임즈,0,0
2021-07-06,카카오게임즈,1,0
2021-07-05,카카오게임즈,1,0
2021-07-02,카카오게임즈,1,1
2021-07-01,카카오게임즈,0,0
2021-06-30,카카오게임즈,0,0
2021-06-29,카카오게임즈,1,1
2021-06-28,카카오게임즈,0,1
2021-06-25,카카오게임즈,1,0
2021-06-24,카카오게임즈,0,0
2021-06-23,카카오게임즈,0,1
2021-06-22,카카오게임즈,0,0
2021-06-21,카카오게임즈,0,0
2021-06-18,카카오게임즈,1,1
2021-06-17,카카오게임즈,0,1
2021-06-16,카카오게임즈,0,1
2021-06-15,카카오게임즈,0,0
2021-06-14,카카오게임즈,1,1
2021-06-11,카카오게임즈,1,0
2021-06-10,카카오게임즈,1,0
2021-06-09,카카오게임즈,1,1
2021-06-08,카카오게임즈,0,0
2021-06-07,카카오게임즈,1,0
2021-06-04,카카오게임즈,1,0
2021-06-03,카카오게임즈,1,1
2021-06-02,카카오게임즈,1,1
2021-06-01,카카오게임즈,1,0
2021-05-31,카카오게임즈,1,0
2021-05-28,카카오게임즈,1,0
2021-05-27,카카오게임즈,0,0
2021-05-26,카카오게임즈,1,1
2021-05-25,카카오게임즈,1,0
2021-05-24,카카오게임즈,0,1
2021-05-21,카카오게임즈,1,0
2021-05-20,카카오게임즈,0,0
2021-05-18,카카오게임즈,1,1
2021-05-17,카카오게임즈,1,0
2021-05-14,카카오게임즈,1,0
2021-05-13,카카오게임즈,0,0
2021-05-12,카카오게임즈,0,1
2021-05-11,카카오게임즈,0,0
2021-05-10,카카오게임즈,1,1
2021-05-07,카카오게임즈,1,0
2021-05-06,카카오게임즈,0,0
2021-05-04,카카오게임즈,1,1
2021-05-03,카카오게임즈,0,1
2021-04-30,카카오게임즈,0,0
2021-04-29,카카오게임즈,0,1
2021-04-28,카카오게임즈,0,1
2021-04-27,카카오게임즈,0,1
2021-04-26,카카오게임즈,0,0
2021-04-23,카카오게임즈,1,1
2021-04-22,카카오게임즈,0,0
2021-04-21,카카오게임즈,0,1
2021-04-20,카카오게임즈,0,0
2021-04-19,카카오게임즈,1,1
2021-04-16,카카오게임즈,1,0
2021-04-15,카카오게임즈,1,1
2021-04-14,카카오게임즈,0,0
2021-04-13,카카오게임즈,1,1
2021-04-12,카카오게임즈,1,1
2021-04-09,카카오게임즈,0,0
2021-04-08,카카오게임즈,1,0
2021-04-07,카카오게임즈,1,1
2021-04-06,카카오게임즈,1,1
2021-04-05,카카오게임즈,1,1
2021-04-02,카카오게임즈,0,0
2021-04-01,카카오게임즈,0,0
2021-03-31,카카오게임즈,0,0
2021-03-30,카카오게임즈,1,1
2021-03-29,카카오게임즈,0,1
2021-03-26,카카오게임즈,0,0
2021-03-25,카카오게임즈,1,1
2021-03-24,카카오게임즈,1,0
2021-03-23,카카오게임즈,0,1
2021-03-22,카카오게임즈,0,0
2021-03-19,카카오게임즈,1,1
2021-03-18,카카오게임즈,1,1
2021-03-17,카카오게임즈,1,1
2021-03-16,카카오게임즈,1,0
2021-03-15,카카오게임즈,0,0
2021-03-12,카카오게임즈,1,1
2021-03-11,카카오게임즈,1,0
2021-03-10,카카오게임즈,0,1
2021-03-09,카카오게임즈,0,1
2021-03-08,카카오게임즈,0,0
2021-03-05,카카오게임즈,0,1
2021-03-04,카카오게임즈,0,0
2021-03-03,카카오게임즈,0,0
2021-03-02,카카오게임즈,0,0
2021-02-26,카카오게임즈,0,0
2021-02-25,카카오게임즈,1,1
2021-02-24,카카오게임즈,1,1
2021-02-23,카카오게임즈,0,0
2021-02-22,카카오게임즈,0,0
2021-02-19,카카오게임즈,1,1
2021-02-18,카카오게임즈,0,0
2021-02-17,카카오게임즈,0,0
2021-02-16,카카오게임즈,0,1
2021-02-15,카카오게임즈,1,0
2021-02-10,카카오게임즈,1,1
2021-02-09,카카오게임즈,0,0
2021-02-08,카카오게임즈,1,1
2021-02-05,카카오게임즈,1,1
2021-02-04,카카오게임즈,0,0
2021-02-03,카카오게임즈,0,0
2021-02-02,카카오게임즈,1,1
2021-02-01,카카오게임즈,1,1
2021-01-29,카카오게임즈,0,1
2021-01-28,카카오게임즈,0,1
2021-01-27,카카오게임즈,0,0
2021-01-26,카카오게임즈,0,0
2021-01-25,카카오게임즈,1,0
2021-01-22,카카오게임즈,1,1
2021-01-21,카카오게임즈,1,1
2021-01-20,카카오게임즈,1,1
2021-01-19,카카오게임즈,1,0
2021-01-18,카카오게임즈,0,0
2021-01-15,카카오게임즈,0,1
2021-01-14,카카오게임즈,0,0
2021-01-13,카카오게임즈,1,0
2021-01-12,카카오게임즈,0,0
2021-01-11,카카오게임즈,0,0
2021-01-08,카카오게임즈,1,1
2021-01-07,카카오게임즈,1,0
2021-01-06,카카오게임즈,0,0
2021-01-05,카카오게임즈,1,1
2021-01-04,카카오게임즈,0,1
2020-12-30,카카오게임즈,1,1
2020-12-29,카카오게임즈,0,0
2020-12-28,카카오게임즈,1,1
2020-12-24,카카오게임즈,1,0
2021-07-16,iMBC,1,1
2021-07-15,iMBC,0,0
2021-07-14,iMBC,1,1
2021-07-13,iMBC,1,0
2021-07-12,iMBC,1,0
2021-07-09,iMBC,0,0
2021-07-08,iMBC,0,1
2021-07-07,iMBC,0,0
2021-07-06,iMBC,1,1
2021-07-05,iMBC,1,1
2021-07-02,iMBC,0,0
2021-07-01,iMBC,0,1
2021-06-30,iMBC,0,0
2021-06-29,iMBC,0,1
2021-06-28,iMBC,1,1
2021-06-25,iMBC,1,1
2021-06-24,iMBC,0,1
2021-06-23,iMBC,0,0
2021-06-22,iMBC,1,0
2021-06-21,iMBC,0,1
2021-06-18,iMBC,1,0
2021-06-17,iMBC,1,1
2021-06-16,iMBC,0,1
2021-06-15,iMBC,0,0
2021-06-14,iMBC,1,1
2021-06-11,iMBC,1,0
2021-06-10,iMBC,0,1
2021-06-09,iMBC,0,0
2021-06-08,iMBC,0,0
2021-06-07,iMBC,1,1
2021-06-04,iMBC,1,0
2021-06-03,iMBC,1,1
2021-06-02,iMBC,0,0
2021-06-01,iMBC,0,0
2021-05-31,iMBC,1,1
2021-05-28,iMBC,1,0
2021-05-27,iMBC,1,0
2021-05-26,iMBC,1,1
2021-05-25,iMBC,1,0
2021-05-24,iMBC,0,0
2021-05-21,iMBC,1,1
2021-05-20,iMBC,1,0
2021-05-18,iMBC,1,1
2021-05-17,iMBC,0,0
2021-05-14,iMBC,1,1
2021-05-13,iMBC,0,1
2021-05-12,iMBC,0,1
2021-05-11,iMBC,0,1
2021-05-10,iMBC,1,0
2021-05-07,iMBC,1,0
2021-05-06,iMBC,0,0
2021-05-04,iMBC,1,0
2021-05-03,iMBC,0,1
2021-04-30,iMBC,0,0
2021-04-29,iMBC,1,0
2021-04-28,iMBC,0,1
2021-04-27,iMBC,0,0
2021-04-26,iMBC,1,1
2021-04-23,iMBC,0,0
2021-04-22,iMBC,0,1
2021-04-21,iMBC,0,0
2021-04-20,iMBC,1,0
2021-04-19,iMBC,0,1
2021-04-16,iMBC,0,0
2021-04-15,iMBC,0,0
2021-04-14,iMBC,0,0
2021-04-13,iMBC,1,1
2021-04-12,iMBC,0,0
2021-04-09,iMBC,1,1
2021-04-08,iMBC,0,0
2021-04-07,iMBC,0,0
2021-04-06,iMBC,0,1
2021-04-05,iMBC,1,1
2021-04-02,iMBC,0,1
2021-04-01,iMBC,0,0
2021-03-31,iMBC,0,1
2021-03-30,iMBC,0,0
2021-03-29,iMBC,1,0
2021-03-26,iMBC,1,0
2021-03-25,iMBC,1,0
2021-03-24,iMBC,1,1
2021-03-23,iMBC,1,1
2021-03-22,iMBC,0,0
2021-03-19,iMBC,0,0
2021-03-18,iMBC,1,1
2021-03-17,iMBC,1,1
2021-03-16,iMBC,1,0
2021-03-15,iMBC,0,1
2021-03-12,iMBC,1,1
2021-03-11,iMBC,1,0
2021-03-10,iMBC,0,0
2021-03-09,iMBC,0,1
2021-03-08,iMBC,0,1
2021-03-05,iMBC,0,0
2021-03-04,iMBC,0,0
2021-03-03,iMBC,0,0
2021-03-02,iMBC,0,1
2021-02-26,iMBC,1,1
2021-02-25,iMBC,1,0
2021-02-24,iMBC,0,1
2021-02-23,iMBC,0,0
2021-02-22,iMBC,0,0
2021-02-19,iMBC,0,1
2021-02-18,iMBC,1,0
2021-02-17,iMBC,1,1
2021-02-16,iMBC,1,1
2021-02-15,iMBC,0,0
2021-02-10,iMBC,1,0
2021-02-09,iMBC,0,0
2021-02-08,iMBC,1,0
2021-02-05,iMBC,1,1
2021-02-04,iMBC,0,0
2021-02-03,iMBC,1,1
2021-02-02,iMBC,1,1
2021-02-01,iMBC,1,1
2021-01-29,iMBC,0,1
2021-01-28,iMBC,1,0
2021-01-27,iMBC,0,1
2021-01-26,iMBC,0,1
2021-01-25,iMBC,0,0
2021-01-22,iMBC,1,1
2021-01-21,iMBC,0,0
2021-01-20,iMBC,1,0
2021-01-19,iMBC,1,1
2021-01-18,iMBC,0,0
2021-01-15,iMBC,1,1
2021-01-14,iMBC,0,1
2021-01-13,iMBC,0,0
2021-01-12,iMBC,1,0
2021-01-11,iMBC,0,0
2021-01-08,iMBC,1,1
2021-01-07,iMBC,1,1
2021-01-06,iMBC,1,0
2021-01-05,iMBC,1,0
2021-01-04,iMBC,1,0
2020-12-30,iMBC,1,0
2020-12-29,iMBC,1,1
2020-12-28,iMBC,0,0
2020-12-24,iMBC,1,1
2021-07-16,하이브,0,0
2021-07-15,하이브,1,0
2021-07-14,하이브,1,1
2021-07-13,하이브,1,1
2021-07-12,하이브,0,0
2021-07-09,하이브,1,1
2021-07-08,하이브,0,1
2021-07-07,하이브,0,1
2021-07-06,하이브,0,0
2021-07-05,하이브,1,0
2021-07-02,하이브,1,0
2021-07-01,하이브,1,0
2021-06-30,하이브,1,0
2021-06-29,하이브,0,1
2021-06-28,하이브,0,0
2021-06-25,하이브,0,0
2021-06-24,하이브,1,0
2021-06-23,하이브,0,1
2021-06-22,하이브,1,1
2021-06-21,하이브,0,0
2021-06-18,하이브,1,1
2021-06-17,하이브,1,1
2021-06-16,하이브,1,1
2021-06-15,하이브,1,0
2021-06-14,하이브,1,1
2021-06-11,하이브,1,0
2021-06-10,하이브,1,1
2021-06-09,하이브,0,1
2021-06-08,하이브,0,0
2021-06-07,하이브,0,0
2021-06-04,하이브,0,0
2021-06-03,하이브,1,1
2021-06-02,하이브,1,1
2021-06-01,하이브,0,0
2021-05-31,하이브,1,0
2021-05-28,하이브,1,0
2021-05-27,하이브,0,1
2021-05-26,하이브,0,0
2021-05-25,하이브,0,0
2021-05-24,하이브,1,1
2021-05-21,하이브,0,1
2021-05-20,하이브,1,0
2021-05-18,하이브,1,1
2021-05-17,하이브,1,0
2021-05-14,하이브,1,0
2021-05-13,하이브,0,0
2021-05-12,하이브,0,1
2021-05-11,하이브,1,0
2021-05-10,하이브,1,1
2021-05-07,하이브,1,0
2021-05-06,하이브,1,1
2021-05-04,하이브,1,1
2021-05-03,하이브,0,1
2021-04-30,하이브,0,1
2021-04-29,하이브,0,0
2021-04-28,하이브,0,1
2021-04-27,하이브,0,1
2021-04-26,하이브,1,0
2021-04-23,하이브,1,0
2021-04-22,하이브,1,1
2021-04-21,하이브,0,1
2021-04-20,하이브,1,0
2021-04-19,하이브,0,0
2021-04-16,하이브,0,0
2021-04-15,하이브,1,1
2021-04-14,하이브,0,1
2021-04-13,하이브,0,0
2021-04-12,하이브,0,0
2021-04-09,하이브,0,0
2021-04-08,하이브,0,0
2021-04-07,하이브,1,1
2021-04-06,하이브,1,0
2021-04-05,하이브,1,1
2021-04-02,하이브,1,1
2021-04-01,하이브,0,1
2021-03-31,하이브,1,0
2021-03-30,하이브,1,1
2021-03-29,하이브,0,0
2021-03-26,하이브,1,1
2021-03-25,하이브,1,1
2021-03-24,하이브,0,0
2021-03-23,하이브,0,0
2021-03-22,하이브,1,0
2021-03-19,하이브,0,0
2021-03-18,하이브,1,0
2021-03-17,하이브,1,1
2021-03-16,하이브,1,0
2021-03-15,하이브,0,0
2021-03-12,하이브,1,1
2021-03-11,하이브,1,1
2021-03-10,하이브,0,0
2021-03-09,하이브,0,1
2021-03-08,하이브,1,1
2021-03-05,하이브,0,0
2021-03-04,하이브,1,0
2021-03-03,하이브,1,1
2021-03-02,하이브,1,0
2021-02-26,하이브,0,0
2021-02-25,하이브,1,0
2021-02-24,하이브,0,1
2021-02-23,하이브,1,0
2021-02-22,하이브,0,0
2021-02-19,하이브,0,0
2021-02-18,하이브,0,1
2021-02-17,하이브,1,0
2021-02-16,하이브,1,1
2021-02-15,하이브,0,0
2021-02-10,하이브,1,0
2021-02-09,하이브,0,1
2021-02-08,하이브,1,0
2021-02-05,하이브,1,0
2021-02-04,하이브,1,1
2021-02-03,하이브,0,0
2021-02-02,하이브,1,1
2021-02-01,하이브,1,0
2021-01-29,하이브,0,0
2021-01-28,하이브,1,1
2021-01-27,하이브,0,1
2021-01-26,하이브,1,0
2021-01-25,하이브,1,0
2021-01-22,하이브,1,1
2021-01-21,하이브,0,0
2021-01-20,하이브,1,0
2021-01-19,하이브,1,0
2021-01-18,하이브,1,0
2021-01-15,하이브,0,1
2021-01-14,하이브,0,0
2021-01-13,하이브,1,1
2021-01-12,하이브,0,0
2021-01-11,하이브,0,0
2021-01-08,하이브,1,1
2021-01-07,하이브,0,0
2021-01-06,하이브,0,0
2021-01-05,하이브,1,1
2021-01-04,하이브,0,1
2020-12-30,하이브,1,1
2020-12-29,하이브,1,0
2020-12-28,하이브,0,0
2020-12-24,하이브,1,0
2021-07-16,삼성전자,0,0
2021-07-15,삼성전자,1,1
2021-07-14,삼성전자,0,1
2021-07-13,삼성전자,1,1
2021-07-12,삼성전자,1,0
2021-07-09,삼성전자,0,1
2021-07-08,삼성전자,0,1
2021-07-07,삼성전자,0,1
2021-07-06,삼성전자,1,1
2021-07-05,삼성전자,1,0
2021-07-02,삼성전자,0,0
2021-07-01,삼성전자,0,1
2021-06-30,삼성전자,0,0
2021-06-29,삼성전자,0,1
2021-06-28,삼성전자,1,0
2021-06-25,삼성전자,1,0
2021-06-24,삼성전자,1,1
2021-06-23,삼성전자,1,1
2021-06-22,삼성전자,1,0
2021-06-21,삼성전자,0,1
2021-06-18,삼성전자,0,1
2021-06-17,삼성전자,0,0
2021-06-16,삼성전자,1,1
2021-06-15,삼성전자,1,0
2021-06-14,삼성전자,0,0
2021-06-11,삼성전자,0,0
2021-06-10,삼성전자,0,1
2021-06-09,삼성전자,0,1
2021-06-08,삼성전자,0,0
2021-06-07,삼성전자,0,0
2021-06-04,삼성전자,0,0
2021-06-03,삼성전자,1,1
2021-06-02,삼성전자,1,1
2021-06-01,삼성전자,1,1
2021-05-31,삼성전자,1,1
2021-05-28,삼성전자,1,0
2021-05-27,삼성전자,0,1
2021-05-26,삼성전자,0,0
2021-05-25,삼성전자,1,1
2021-05-24,삼성전자,0,0
2021-05-21,삼성전자,1,1
2021-05-20,삼성전자,0,0
2021-05-18,삼성전자,0,0
2021-05-17,삼성전자,0,1
2021-05-14,삼성전자,1,0
2021-05-13,삼성전자,0,0
2021-05-12,삼성전자,0,1
2021-05-11,삼성전자,0,1
2021-05-10,삼성전자,1,1
2021-05-07,삼성전자,0,0
2021-05-06,삼성전자,0,1
2021-05-04,삼성전자,1,0
2021-05-03,삼성전자,1,0
2021-04-30,삼성전자,0,0
2021-04-29,삼성전자,0,1
2021-04-28,삼성전자,0,1
2021-04-27,삼성전자,0,0
2021-04-26,삼성전자,1,0
2021-04-23,삼성전자,1,1
2021-04-22,삼성전자,0,0
2021-04-21,삼성전자,0,1
2021-04-20,삼성전자,1,1
2021-04-19,삼성전자,0,0
2021-04-16,삼성전자,0,0
2021-04-15,삼성전자,1,1
2021-04-14,삼성전자,0,0
2021-04-13,삼성전자,1,1
2021-04-12,삼성전자,0,0
2021-04-09,삼성전자,0,0
2021-04-08,삼성전자,0,1
2021-04-07,삼성전자,0,0
2021-04-06,삼성전자,1,1
2021-04-05,삼성전자,1,0
2021-04-02,삼성전자,1,1
2021-04-01,삼성전자,1,1
2021-03-31,삼성전자,0,1
2021-03-30,삼성전자,1,0
2021-03-29,삼성전자,1,1
2021-03-26,삼성전자,1,0
2021-03-25,삼성전자,1,0
2021-03-24,삼성전자,0,1
2021-03-23,삼성전자,0,1
2021-03-22,삼성전자,1,0
2021-03-19,삼성전자,0,0
2021-03-18,삼성전자,1,1
2021-03-17,삼성전자,0,0
2021-03-16,삼성전자,1,0
2021-03-15,삼성전자,0,1
2021-03-12,삼성전자,1,0
2021-03-11,삼성전자,1,1
2021-03-10,삼성전자,0,0
2021-03-09,삼성전자,0,1
2021-03-08,삼성전자,0,0
2021-03-05,삼성전자,0,0
2021-03-04,삼성전자,0,1
2021-03-03,삼성전자,1,0
2021-03-02,삼성전자,1,0
2021-02-26,삼성전자,0,1
2021-02-25,삼성전자,1,1
2021-02-24,삼성전자,0,1
2021-02-23,삼성전자,0,0
2021-02-22,삼성전자,0,0
2021-02-19,삼성전자,1,1
2021-02-18,삼성전자,0,1
2021-02-17,삼성전자,0,0
2021-02-16,삼성전자,1,0
2021-02-15,삼성전자,1,1
2021-02-10,삼성전자,0,1
2021-02-09,삼성전자,0,1
2021-02-08,삼성전자,0,0
2021-02-05,삼성전자,1,0
2021-02-04,삼성전자,0,1
2021-02-03,삼성전자,1,0
2021-02-02,삼성전자,1,0
2021-02-01,삼성전자,1,0
2021-01-29,삼성전자,0,1
2021-01-28,삼성전자,0,1
2021-01-27,삼성전자,0,0
2021-01-26,삼성전자,0,1
2021-01-25,삼성전자,1,0
2021-01-22,삼성전자,0,1
2021-01-21,삼성전자,1,1
2021-01-20,삼성전자,1,0
2021-01-19,삼성전자,1,0
2021-01-18,삼성전자,0,1
2021-01-15,삼성전자,0,1
2021-01-14,삼성전자,0,0
2021-01-13,삼성전자,0,0
2021-01-12,삼성전자,0,0
2021-01-11,삼성전자,1,1
2021-01-08,삼성전자,1,1
2021-01-07,삼성전자,1,0
2021-01-06,삼성전자,0,1
2021-01-05,삼성전자,1,0
2021-01-04,삼성전자,1,1
2020-12-30,삼성전자,1,0
2020-12-29,삼성전자,0,0
2020-12-28,삼성전자,1,1
2020-12-24,삼성전자,1,1
2021-07-16,현대자동차,0,0
2021-07-15,현대자동차,1,0
2021-07-14,현대자동차,0,1
2021-07-13,현대자동차,0,0
2021-07-12,현대자동차,1,0
2021-07-09,현대자동차,0,0
2021-07-08,현대자동차,0,1
2021-07-07,현대자동차,0,1
2021-07-06,현대자동차,0,0
2021-07-05,현대자동차,0,1
2021-07-02,현대자동차,0,0
2021-07-01,현대자동차,1,1
2021-06-30,현대자동차,0,1
2021-06-29,현대자동차,0,1
2021-06-28,현대자동차,0,1
2021-06-25,현대자동차,1,0
2021-06-24,현대자동차,0,1
2021-06-23,현대자동차,1,0
2021-06-22,현대자동차,1,1
2021-06-21,현대자동차,0,0
2021-06-18,현대자동차,0,1
2021-06-17,현대자동차,0,0
2021-06-16,현대자동차,1,1
2021-06-15,현대자동차,0,0
2021-06-14,현대자동차,0,0
2021-06-11,현대자동차,1,0
2021-06-10,현대자동차,0,1
2021-06-09,현대자동차,0,1
2021-06-08,현대자동차,1,0
2021-06-07,현대자동차,0,1
2021-06-04,현대자동차,1,1
2021-06-03,현대자동차,1,0
2021-06-02,현대자동차,1,1
2021-06-01,현대자동차,1,0
2021-05-31,현대자동차,1,0
2021-05-28,현대자동차,1,1
2021-05-27,현대자동차,0,1
2021-05-26,현대자동차,0,1
2021-05-25,현대자동차,0,1
2021-05-24,현대자동차,1,0
2021-05-21,현대자동차,1,1
2021-05-20,현대자동차,0,1
2021-05-18,현대자동차,1,1
2021-05-17,현대자동차,0,0
2021-05-14,현대자동차,0,0
2021-05-13,현대자동차,1,0
2021-05-12,현대자동차,1,1
2021-05-11,현대자동차,0,0
2021-05-10,현대자동차,1,1
2021-05-07,현대자동차,1,0
2021-05-06,현대자동차,0,0
2021-05-04,현대자동차,1,0
2021-05-03,현대자동차,1,1
2021-04-30,현대자동차,0,1
2021-04-29,현대자동차,0,1
2021-04-28,현대자동차,1,0
2021-04-27,현대자동차,0,1
2021-04-26,현대자동차,1,0
2021-04-23,현대자동차,0,1
2021-04-22,현대자동차,1,1
2021-04-21,현대자동차,0,1
2021-04-20,현대자동차,0,1
2021-04-19,현대자동차,0,1
2021-04-16,현대자동차,1,1
2021-04-15,현대자동차,0,0
2021-04-14,현대자동차,1,1
2021-04-13,현대자동차,1,0
2021-04-12,현대자동차,0,0
2021-04-09,현대자동차,0,0
2021-04-08,현대자동차,1,1
2021-04-07,현대자동차,0,0
2021-04-06,현대자동차,0,0
2021-04-05,현대자동차,1,0
2021-04-02,현대자동차,1,1
2021-04-01,현대자동차,1,0
2021-03-31,현대자동차,0,0
2021-03-30,현대자동차,1,0
2021-03-29,현대자동차,0,0
2021-03-26,현대자동차,0,1
2021-03-25,현대자동차,0,1
2021-03-24,현대자동차,0,1
2021-03-23,현대자동차,0,1
2021-03-22,현대자동차,0,0
2021-03-19,현대자동차,0,1
2021-03-18,현대자동차,1,1
2021-03-17,현대자동차,0,0
2021-03-16,현대자동차,1,0
2021-03-15,현대자동차,0,0
2021-03-12,현대자동차,1,0
2021-03-11,현대자동차,1,1
2021-03-10,현대자동차,0,0
2021-03-09,현대자동차,1,1
2021-03-08,현대자동차,0,0
2021-03-05,현대자동차,0,0
2021-03-04,현대자동차,0,1
2021-03-03,현대자동차,1,0
2021-03-02,현대자동차,1,0
2021-02-26,현대자동차,0,1
2021-02-25,현대자동차,1,0
2021-02-24,현대자동차,0,1
2021-02-23,현대자동차,1,1
2021-02-22,현대자동차,0,0
2021-02-19,현대자동차,1,0
2021-02-18,현대자동차,0,1
2021-02-17,현대자동차,0,0
2021-02-16,현대자동차,0,1
2021-02-15,현대자동차,1,0
2021-02-10,현대자동차,1,0
2021-02-09,현대자동차,1,0
2021-02-08,현대자동차,0,1
2021-02-05,현대자동차,1,0
2021-02-04,현대자동차,1,0
2021-02-03,현대자동차,1,1
2021-02-02,현대자동차,1,0
2021-02-01,현대자동차,1,0
2021-01-29,현대자동차,0,1
2021-01-28,현대자동차,0,0
2021-01-27,현대자동차,0,1
2021-01-26,현대자동차,0,0
2021-01-25,현대자동차,1,0
2021-01-22,현대자동차,0,0
2021-01-21,현대자동차,1,0
2021-01-20,현대자동차,0,1
2021-01-19,현대자동차,1,1
2021-01-18,현대자동차,1,0
2021-01-15,현대자동차,0,1
2021-01-14,현대자동차,0,0
2021-01-13,현대자동차,0,0
2021-01-12,현대자동차,0,0
2021-01-11,현대자동차,1,0
2021-01-08,현대자동차,1,1
2021-01-07,현대자동차,1,0
2021-01-06,현대자동차,0,0
2021-01-05,현대자동차,1,0
2021-01-04,현대자동차,1,1
2020-12-30,현대자동차,1,0
2020-12-29,현대자동차,1,0
2020-12-28,현대자동차,1,1
2020-12-24,현대자동차,1,0
2021-07-16,HMM,1,0
2021-07-15,HMM,1,0
2021-07-14,HMM,0,1
2021-07-13,HMM,0,0
2021-07-12,HMM,0,0
2021-07-09,HMM,0,1
2021-07-08,HMM,0,1
2021-07-07,HMM,1,0
2021-07-06,HMM,0,0
2021-07-05,HMM,1,1
2021-07-02,HMM,1,1
2021-07-01,HMM,1,0
2021-06-30,HMM,1,1
2021-06-29,HMM,0,0
2021-06-28,HMM,1,1
2021-06-25,HMM,1,1
2021-06-24,HMM,0,1
2021-06-23,HMM,0,1
2021-06-22,HMM,0,1
2021-06-21,HMM,0,0
2021-06-18,HMM,0,1
2021-06-17,HMM,0,0
2021-06-16,HMM,1,0
2021-06-15,HMM,0,1
2021-06-14,HMM,1,1
2021-06-11,HMM,1,0
2021-06-10,HMM,1,0
2021-06-09,HMM,0,0
2021-06-08,HMM,1,1
2021-06-07,HMM,0,1
2021-06-04,HMM,0,1
2021-06-03,HMM,1,0
2021-06-02,HMM,0,0
2021-06-01,HMM,0,0
2021-05-31,HMM,0,1
2021-05-28,HMM,0,0
2021-05-27,HMM,1,1
2021-05-26,HMM,1,0
2021-05-25,HMM,1,0
2021-05-24,HMM,1,1
2021-05-21,HMM,1,0
2021-05-20,HMM,1,1
2021-05-18,HMM,0,0
2021-05-17,HMM,0,0
2021-05-14,HMM,0,0
2021-05-13,HMM,0,1
2021-05-12,HMM,1,1
2021-05-11,HMM,1,0
2021-05-10,HMM,1,0
2021-05-07,HMM,1,1
2021-05-06,HMM,1,0
2021-05-04,HMM,0,1
2021-05-03,HMM,0,1
2021-04-30,HMM,0,0
2021-04-29,HMM,1,0
2021-04-28,HMM,1,1
2021-04-27,HMM,1,0
2021-04-26,HMM,1,1
2021-04-23,HMM,0,0
2021-04-22,HMM,1,1
2021-04-21,HMM,0,0
2021-04-20,HMM,1,0
2021-04-19,HMM,1,1
2021-04-16,HMM,1,1
2021-04-15,HMM,0,0
2021-04-14,HMM,1,0
2021-04-13,HMM,0,1
2021-04-12,HMM,1,0
2021-04-09,HMM,0,0
2021-04-08,HMM,0,0
2021-04-07,HMM,1,1
2021-04-06,HMM,1,0
2021-04-05,HMM,1,1
2021-04-02,HMM,1,0
2021-04-01,HMM,0,1
2021-03-31,HMM,1,0
2021-03-30,HMM,0,0
2021-03-29,HMM,0,0
2021-03-26,HMM,1,1
2021-03-25,HMM,1,0
2021-03-24,HMM,1,0
2021-03-23,HMM,1,1
2021-03-22,HMM,1,1
2021-03-19,HMM,1,1
2021-03-18,HMM,1,1
2021-03-17,HMM,1,0
2021-03-16,HMM,1,1
2021-03-15,HMM,0,0
2021-03-12,HMM,1,1
2021-03-11,HMM,0,0
2021-03-10,HMM,1,0
2021-03-09,HMM,0,1
2021-03-08,HMM,1,0
2021-03-05,HMM,1,1
2021-03-04,HMM,0,0
2021-03-03,HMM,1,1
2021-03-02,HMM,0,0
2021-02-26,HMM,1,1
2021-02-25,HMM,1,1
2021-02-24,HMM,0,1
2021-02-23,HMM,0,0
2021-02-22,HMM,1,1
2021-02-19,HMM,1,1
2021-02-18,HMM,0,0
2021-02-17,HMM,1,1
2021-02-16,HMM,0,0
2021-02-15,HMM,1,1
2021-02-10,HMM,1,1
2021-02-09,HMM,0,0
2021-02-08,HMM,1,1
2021-02-05,HMM,1,1
2021-02-04,HMM,0,0
2021-02-03,HMM,0,0
2021-02-02,HMM,1,0
2021-02-01,HMM,1,0
2021-01-29,HMM,0,0
2021-01-28,HMM,0,1
2021-01-27,HMM,1,0
2021-01-26,HMM,0,1
2021-01-25,HMM,0,1
2021-01-22,HMM,0,0
2021-01-21,HMM,1,1
2021-01-20,HMM,0,0
2021-01-19,HMM,1,1
2021-01-18,HMM,0,1
2021-01-15,HMM,0,0
2021-01-14,HMM,1,1
2021-01-13,HMM,1,0
2021-01-12,HMM,0,0
2021-01-11,HMM,0,1
2021-01-08,HMM,0,0
2021-01-07,HMM,1,0
2021-01-06,HMM,0,0
2021-01-05,HMM,0,0
2021-01-04,HMM,1,1
2020-12-30,HMM,1,0
2020-12-29,HMM,1,1
2020-12-28,HMM,1,1
2020-12-24,HMM,0,1
2021-07-16,대한항공,1,1
2021-07-15,대한항공,1,0
2021-07-14,대한항공,0,0
2021-07-13,대한항공,1,0
2021-07-12,대한항공,1,0
2021-07-09,대한항공,0,1
2021-07-08,대한항공,0,1
2021-07-07,대한항공,0,0
2021-07-06,대한항공,1,0
2021-07-05,대한항공,1,1
2021-07-02,대한항공,1,0
2021-07-01,대한항공,0,1
2021-06-30,대한항공,0,0
2021-06-29,대한항공,1,0
2021-06-28,대한항공,0,0
2021-06-25,대한항공,1,0
2021-06-24,대한항공,0,0
2021-06-23,대한항공,0,1
2021-06-22,대한항공,0,0
2021-06-21,대한항공,0,1
2021-06-18,대한항공,0,1
2021-06-17,대한항공,0,0
2021-06-16,대한항공,1,0
2021-06-15,대한항공,0,1
2021-06-14,대한항공,0,0
2021-06-11,대한항공,1,0
2021-06-10,대한항공,0,0
2021-06-09,대한항공,1,1
2021-06-08,대한항공,1,0
2021-06-07,대한항공,0,1
2021-06-04,대한항공,0,0
2021-06-03,대한항공,0,0
2021-06-02,대한항공,1,1
2021-06-01,대한항공,0,0
2021-05-31,대한항공,1,1
2021-05-28,대한항공,0,0
2021-05-27,대한항공,1,1
2021-05-26,대한항공,1,0
2021-05-25,대한항공,1,1
2021-05-24,대한항공,1,0
2021-05-21,대한항공,0,0
2021-05-20,대한항공,0,0
2021-05-18,대한항공,0,0
2021-05-17,대한항공,1,1
2021-05-14,대한항공,0,0
2021-05-13,대한항공,1,1
2021-05-12,대한항공,0,0
2021-05-11,대한항공,1,0
2021-05-10,대한항공,1,1
2021-05-07,대한항공,1,0
2021-05-06,대한항공,1,1
2021-05-04,대한항공,0,0
2021-05-03,대한항공,0,0
2021-04-30,대한항공,1,1
2021-04-29,대한항공,0,0
2021-04-28,대한항공,1,1
2021-04-27,대한항공,0,0
2021-04-26,대한항공,1,1
2021-04-23,대한항공,0,0
2021-04-22,대한항공,0,0
2021-04-21,대한항공,0,0
2021-04-20,대한항공,1,1
2021-04-19,대한항공,0,1
2021-04-16,대한항공,1,0
2021-04-15,대한항공,1,0
2021-04-14,대한항공,0,1
2021-04-13,대한항공,0,1
2021-04-12,대한항공,0,1
2021-04-09,대한항공,0,0
2021-04-08,대한항공,0,1
2021-04-07,대한항공,1,0
2021-04-06,대한항공,1,0
2021-04-05,대한항공,0,1
2021-04-02,대한항공,1,1
2021-04-01,대한항공,0,0
2021-03-31,대한항공,0,1
2021-03-30,대한항공,1,0
2021-03-29,대한항공,0,0
2021-03-26,대한항공,1,1
2021-03-25,대한항공,1,0
2021-03-24,대한항공,0,1
2021-03-23,대한항공,0,0
2021-03-22,대한항공,0,1
2021-03-19,대한항공,0,1
2021-03-18,대한항공,0,0
2021-03-17,대한항공,1,1
2021-03-16,대한항공,1,1
2021-03-15,대한항공,1,1
2021-03-12,대한항공,1,0
2021-03-11,대한항공,1,1
2021-03-10,대한항공,1,0
2021-03-09,대한항공,1,1
2021-03-08,대한항공,0,1
2021-03-05,대한항공,0,0
2021-03-04,대한항공,1,0
2021-03-03,대한항공,1,0
2021-03-02,대한항공,0,1
2021-02-26,대한항공,0,1
2021-02-25,대한항공,1,0
2021-02-24,대한항공,0,1
2021-02-23,대한항공,1,1
2021-02-22,대한항공,0,1
2021-02-19,대한항공,0,0
2021-02-18,대한항공,1,0
2021-02-17,대한항공,0,0
2021-02-16,대한항공,0,1
2021-02-15,대한항공,0,1
2021-02-10,대한항공,1,0
2021-02-09,대한항공,0,0
2021-02-08,대한항공,1,1
2021-02-05,대한항공,0,0
2021-02-04,대한항공,1,1
2021-02-03,대한항공,1,1
2021-02-02,대한항공,1,0
2021-02-01,대한항공,1,0
2021-01-29,대한항공,0,1
2021-01-28,대한항공,0,0
2021-01-27,대한항공,0,0
2021-01-26,대한항공,1,0
2021-01-25,대한항공,0,1
2021-01-22,대한항공,1,1
2021-01-21,대한항공,1,1
2021-01-20,대한항공,1,0
2021-01-19,대한항공,1,0
2021-01-18,대한항공,0,0
2021-01-15,대한항공,0,0
2021-01-14,대한항공,1,1
2021-01-13,대한항공,1,1
2021-01-12,대한항공,1,0
2021-01-11,대한항공,1,1
2021-01-08,대한항공,0,1
2021-01-07,대한항공,0,0
2021-01-06,대한항공,0,1
2021-01-05,대한항공,1,0
2021-01-04,대한항공,1,1
2020-12-30,대한항공,1,0
2020-12-29,대한항공,1,0
2020-12-28,대한항공,0,0
2020-12-24,대한항공,1,1
2021-07-16,NAVER,0,1
2021-07-15,NAVER,1,1
2021-07-14,NAVER,1,0
2021-07-13,NAVER,1,1
2021-07-12,NAVER,1,0
2021-07-09,NAVER,0,0
2021-07-08,NAVER,1,1
2021-07-07,NAVER,1,1
2021-07-06,NAVER,0,0
2021-07-05,NAVER,0,0
2021-07-02,NAVER,1,0
2021-07-01,NAVER,0,0
2021-06-30,NAVER,1,1
2021-06-29,NAVER,1,0
2021-06-28,NAVER,0,0
2021-06-25,NAVER,0,0
2021-06-24,NAVER,0,0
2021-06-23,NAVER,1,1
2021-06-22,NAVER,0,0
2021-06-21,NAVER,0,0
2021-06-18,NAVER,1,1
2021-06-17,NAVER,0,0
2021-06-16,NAVER,1,1
2021-06-15,NAVER,0,0
2021-06-14,NAVER,1,1
2021-06-11,NAVER,0,0
2021-06-10,NAVER,1,1
2021-06-09,NAVER,0,0
2021-06-08,NAVER,0,0
2021-06-07,NAVER,1,0
2021-06-04,NAVER,0,1
2021-06-03,NAVER,0,0
2021-06-02,NAVER,0,0
2021-06-01,NAVER,1,1
2021-05-31,NAVER,1,0
2021-05-28,NAVER,0,0
2021-05-27,NAVER,0,1
2021-05-26,NAVER,1,1
2021-05-25,NAVER,1,1
2021-05-24,NAVER,0,0
2021-05-21,NAVER,1,1
2021-05-20,NAVER,1,1
2021-05-18,NAVER,1,0
2021-05-17,NAVER,1,0
2021-05-14,NAVER,1,0
2021-05-13,NAVER,0,0
2021-05-12,NAVER,0,0
2021-05-11,NAVER,0,1
2021-05-10,NAVER,1,1
2021-05-07,NAVER,0,0
2021-05-06,NAVER,0,1
2021-05-04,NAVER,1,0
2021-05-03,NAVER,1,0
2021-04-30,NAVER,0,1
2021-04-29,NAVER,0,1
2021-04-28,NAVER,0,1
2021-04-27,NAVER,1,0
2021-04-26,NAVER,0,0
2021-04-23,NAVER,0,1
2021-04-22,NAVER,0,0
2021-04-21,NAVER,0,1
2021-04-20,NAVER,1,0
2021-04-19,NAVER,0,1
2021-04-16,NAVER,1,0
2021-04-15,NAVER,0,1
2021-04-14,NAVER,1,1
2021-04-13,NAVER,1,0
2021-04-12,NAVER,1,1
2021-04-09,NAVER,1,0
2021-04-08,NAVER,0,1
2021-04-07,NAVER,0,0
2021-04-06,NAVER,1,1
2021-04-05,NAVER,0,0
2021-04-02,NAVER,1,0
2021-04-01,NAVER,1,0
2021-03-31,NAVER,1,0
2021-03-30,NAVER,1,0
2021-03-29,NAVER,0,1
2021-03-26,NAVER,1,1
2021-03-25,NAVER,0,0
2021-03-24,NAVER,1,0
2021-03-23,NAVER,0,1
2021-03-22,NAVER,0,0
2021-03-19,NAVER,0,0
2021-03-18,NAVER,1,1
2021-03-17,NAVER,0,1
2021-03-16,NAVER,1,0
2021-03-15,NAVER,1,0
2021-03-12,NAVER,1,0
2021-03-11,NAVER,1,1
2021-03-10,NAVER,1,0
2021-03-09,NAVER,0,1
2021-03-08,NAVER,0,0
2021-03-05,NAVER,0,1
2021-03-04,NAVER,0,1
2021-03-03,NAVER,1,1
2021-03-02,NAVER,1,1
2021-02-26,NAVER,0,1
2021-02-25,NAVER,1,0
2021-02-24,NAVER,0,1
2021-02-23,NAVER,1,0
2021-02-22,NAVER,0,1
2021-02-19,NAVER,1,1
2021-02-18,NAVER,0,0
2021-02-17,NAVER,0,0
2021-02-16,NAVER,1,1
2021-02-15,NAVER,1,1
2021-02-10,NAVER,1,1
2021-02-09,NAVER,1,0
2021-02-08,NAVER,0,0
2021-02-05,NAVER,1,0
2021-02-04,NAVER,0,0
2021-02-03,NAVER,1,0
2021-02-02,NAVER,1,1
2021-02-01,NAVER,1,0
2021-01-29,NAVER,0,0
2021-01-28,NAVER,1,1
2021-01-27,NAVER,0,0
2021-01-26,NAVER,0,0
2021-01-25,NAVER,1,0
2021-01-22,NAVER,1,1
2021-01-21,NAVER,1,1
2021-01-20,NAVER,0,1
2021-01-19,NAVER,1,1
2021-01-18,NAVER,0,0
2021-01-15,NAVER,0,0
2021-01-14,NAVER,1,0
2021-01-13,NAVER,1,1
2021-01-12,NAVER,0,0
2021-01-11,NAVER,0,0
2021-01-08,NAVER,1,1
2021-01-07,NAVER,0,0
2021-01-06,NAVER,0,1
2021-01-05,NAVER,0,0
2021-01-04,NAVER,1,0
2020-12-30,NAVER,1,1
2020-12-29,NAVER,1,0
2020-12-28,NAVER,0,1
2020-12-24,NAVER,0,0
2021-07-16,두산중공업,0,0
2021-07-15,두산중공업,1,1
2021-07-14,두산중공업,1,0
2021-07-13,두산중공업,0,0
2021-07-12,두산중공업,0,0
2021-07-09,두산중공업,1,1
2021-07-08,두산중공업,0,0
2021-07-07,두산중공업,0,0
2021-07-06,두산중공업,1,1
2021-07-05,두산중공업,1,0
2021-07-02,두산중공업,0,0
2021-07-01,두산중공업,1,1
2021-06-30,두산중공업,0,0
2021-06-29,두산중공업,1,0
2021-06-28,두산중공업,0,1
2021-06-25,두산중공업,1,0
2021-06-24,두산중공업,0,1
2021-06-23,두산중공업,0,0
2021-06-22,두산중공업,1,1
2021-06-21,두산중공업,1,1
2021-06-18,두산중공업,1,1
2021-06-17,두산중공업,0,0
2021-06-16,두산중공업,1,1
2021-06-15,두산중공업,1,0
2021-06-14,두산중공업,0,0
2021-06-11,두산중공업,1,0
2021-06-10,두산중공업,0,0
2021-06-09,두산중공업,1,0
2021-06-08,두산중공업,0,0
2021-06-07,두산중공업,1,1
2021-06-04,두산중공업,1,1
2021-06-03,두산중공업,1,0
2021-06-02,두산중공업,1,1
2021-06-01,두산중공업,0,0
2021-05-31,두산중공업,1,1
2021-05-28,두산중공업,1,1
2021-05-27,두산중공업,1,0
2021-05-26,두산중공업,1,1
2021-05-25,두산중공업,1,0
2021-05-24,두산중공업,1,1
2021-05-21,두산중공업,1,0
2021-05-20,두산중공업,1,1
2021-05-18,두산중공업,1,0
2021-05-17,두산중공업,1,1
2021-05-14,두산중공업,0,0
2021-05-13,두산중공업,0,1
2021-05-12,두산중공업,0,0
2021-05-11,두산중공업,0,0
2021-05-10,두산중공업,1,1
2021-05-07,두산중공업,1,0
2021-05-06,두산중공업,0,0
2021-05-04,두산중공업,0,0
2021-05-03,두산중공업,0,1
2021-04-30,두산중공업,0,0
2021-04-29,두산중공업,0,0
2021-04-28,두산중공업,1,1
2021-04-27,두산중공업,0,1
2021-04-26,두산중공업,1,0
2021-04-23,두산중공업,0,0
2021-04-22,두산중공업,1,1
2021-04-21,두산중공업,0,0
2021-04-20,두산중공업,0,1
2021-04-19,두산중공업,0,0
2021-04-16,두산중공업,1,0
2021-04-15,두산중공업,0,0
2021-04-14,두산중공업,1,1
2021-04-13,두산중공업,1,1
2021-04-12,두산중공업,0,1
2021-04-09,두산중공업,0,0
2021-04-08,두산중공업,1,1
2021-04-07,두산중공업,0,0
2021-04-06,두산중공업,0,0
2021-04-05,두산중공업,1,0
2021-04-02,두산중공업,1,0
2021-04-01,두산중공업,0,0
2021-03-31,두산중공업,0,0
2021-03-30,두산중공업,0,0
2021-03-29,두산중공업,1,1
2021-03-26,두산중공업,1,1
2021-03-25,두산중공업,1,1
2021-03-24,두산중공업,1,1
2021-03-23,두산중공업,0,0
2021-03-22,두산중공업,1,1
2021-03-19,두산중공업,0,1
2021-03-18,두산중공업,0,1
2021-03-17,두산중공업,1,0
2021-03-16,두산중공업,1,1
2021-03-15,두산중공업,0,0
2021-03-12,두산중공업,1,1
2021-03-11,두산중공업,0,1
2021-03-10,두산중공업,0,0
2021-03-09,두산중공업,1,1
2021-03-08,두산중공업,0,0
2021-03-05,두산중공업,0,0
2021-03-04,두산중공업,0,0
2021-03-03,두산중공업,1,1
2021-03-02,두산중공업,1,0
2021-02-26,두산중공업,0,1
2021-02-25,두산중공업,1,0
2021-02-24,두산중공업,0,1
2021-02-23,두산중공업,0,1
2021-02-22,두산중공업,0,0
2021-02-19,두산중공업,0,0
2021-02-18,두산중공업,0,0
2021-02-17,두산중공업,0,1
2021-02-16,두산중공업,0,1
2021-02-15,두산중공업,0,0
2021-02-10,두산중공업,0,1
2021-02-09,두산중공업,0,0
2021-02-08,두산중공업,1,0
2021-02-05,두산중공업,1,1
2021-02-04,두산중공업,0,0
2021-02-03,두산중공업,1,0
2021-02-02,두산중공업,0,0
2021-02-01,두산중공업,1,0
2021-01-29,두산중공업,0,1
2021-01-28,두산중공업,0,1
2021-01-27,두산중공업,0,0
2021-01-26,두산중공업,1,1
2021-01-25,두산중공업,0,0
2021-01-22,두산중공업,1,0
2021-01-21,두산중공업,1,1
2021-01-20,두산중공업,0,0
2021-01-19,두산중공업,1,1
2021-01-18,두산중공업,0,0
2021-01-15,두산중공업,0,0
2021-01-14,두산중공업,1,1
2021-01-13,두산중공업,1,0
2021-01-12,두산중공업,0,0
2021-01-11,두산중공업,0,1
2021-01-08,두산중공업,1,1
2021-01-07,두산중공업,0,0
2021-01-06,두산중공업,0,0
2021-01-05,두산중공업,1,1
2021-01-04,두산중공업,1,1
2020-12-30,두산중공업,1,1
2020-12-29,두산중공업,1,0
2020-12-28,두산중공업,0,0
2020-12-24,두산중공업,1,1
2021-07-16,SK하이닉스,0,1
2021-07-15,SK하이닉스,0,0
2021-07-14,SK하이닉스,1,0
2021-07-13,SK하이닉스,1,1
2021-07-12,SK하이닉스,1,0
2021-07-09,SK하이닉스,0,1
2021-07-08,SK하이닉스,0,1
2021-07-07,SK하이닉스,0,1
2021-07-06,SK하이닉스,1,1
2021-07-05,SK하이닉스,1,0
2021-07-02,SK하이닉스,0,1
2021-07-01,SK하이닉스,0,0
2021-06-30,SK하이닉스,1,1
2021-06-29,SK하이닉스,0,0
2021-06-28,SK하이닉스,0,0
2021-06-25,SK하이닉스,1,0
2021-06-24,SK하이닉스,1,0
2021-06-23,SK하이닉스,1,1
2021-06-22,SK하이닉스,0,0
2021-06-21,SK하이닉스,0,1
2021-06-18,SK하이닉스,0,1
2021-06-17,SK하이닉스,0,1
2021-06-16,SK하이닉스,1,0
2021-06-15,SK하이닉스,1,0
2021-06-14,SK하이닉스,0,0
2021-06-11,SK하이닉스,1,1
2021-06-10,SK하이닉스,1,0
2021-06-09,SK하이닉스,0,1
2021-06-08,SK하이닉스,0,1
2021-06-07,SK하이닉스,0,1
2021-06-04,SK하이닉스,0,0
2021-06-03,SK하이닉스,1,1
2021-06-02,SK하이닉스,0,1
2021-06-01,SK하이닉스,1,1
2021-05-31,SK하이닉스,1,1
2021-05-28,SK하이닉스,0,0
2021-05-27,SK하이닉스,1,1
2021-05-26,SK하이닉스,0,0
2021-05-25,SK하이닉스,1,1
2021-05-24,SK하이닉스,0,0
2021-05-21,SK하이닉스,0,0
2021-05-20,SK하이닉스,1,1
2021-05-18,SK하이닉스,1,1
2021-05-17,SK하이닉스,0,0
2021-05-14,SK하이닉스,1,0
2021-05-13,SK하이닉스,0,0
2021-05-12,SK하이닉스,0,0
2021-05-11,SK하이닉스,0,1
2021-05-10,SK하이닉스,1,0
2021-05-07,SK하이닉스,1,0
2021-05-06,SK하이닉스,0,1
2021-05-04,SK하이닉스,1,0
2021-05-03,SK하이닉스,1,1
2021-04-30,SK하이닉스,0,1
2021-04-29,SK하이닉스,0,0
2021-04-28,SK하이닉스,0,1
2021-04-27,SK하이닉스,1,1
2021-04-26,SK하이닉스,0,0
2021-04-23,SK하이닉스,0,1
2021-04-22,SK하이닉스,1,0
2021-04-21,SK하이닉스,0,1
2021-04-20,SK하이닉스,1,1
2021-04-19,SK하이닉스,1,0
2021-04-16,SK하이닉스,0,0
2021-04-15,SK하이닉스,1,0
2021-04-14,SK하이닉스,0,0
2021-04-13,SK하이닉스,1,0
2021-04-12,SK하이닉스,0,1
2021-04-09,SK하이닉스,0,0
2021-04-08,SK하이닉스,1,1
2021-04-07,SK하이닉스,1,0
2021-04-06,SK하이닉스,0,1
2021-04-05,SK하이닉스,1,0
2021-04-02,SK하이닉스,1,0
2021-04-01,SK하이닉스,1,1
2021-03-31,SK하이닉스,0,1
2021-03-30,SK하이닉스,1,0
2021-03-29,SK하이닉스,0,0
2021-03-26,SK하이닉스,1,0
2021-03-25,SK하이닉스,0,1
2021-03-24,SK하이닉스,0,1
2021-03-23,SK하이닉스,0,1
2021-03-22,SK하이닉스,0,0
2021-03-19,SK하이닉스,0,0
2021-03-18,SK하이닉스,1,1
2021-03-17,SK하이닉스,0,0
2021-03-16,SK하이닉스,1,0
2021-03-15,SK하이닉스,0,0
2021-03-12,SK하이닉스,1,0
2021-03-11,SK하이닉스,1,1
2021-03-10,SK하이닉스,0,0
2021-03-09,SK하이닉스,1,1
2021-03-08,SK하이닉스,0,0
2021-03-05,SK하이닉스,0,0
2021-03-04,SK하이닉스,0,1
2021-03-03,SK하이닉스,1,0
2021-03-02,SK하이닉스,1,0
2021-02-26,SK하이닉스,0,1
2021-02-25,SK하이닉스,1,1
2021-02-24,SK하이닉스,0,1
2021-02-23,SK하이닉스,1,0
2021-02-22,SK하이닉스,1,1
2021-02-19,SK하이닉스,1,1
2021-02-18,SK하이닉스,0,1
2021-02-17,SK하이닉스,0,1
2021-02-16,SK하이닉스,1,0
2021-02-15,SK하이닉스,1,1
2021-02-10,SK하이닉스,1,0
2021-02-09,SK하이닉스,1,1
2021-02-08,SK하이닉스,0,0
2021-02-05,SK하이닉스,1,0
2021-02-04,SK하이닉스,0,1
2021-02-03,SK하이닉스,0,0
2021-02-02,SK하이닉스,1,0
2021-02-01,SK하이닉스,1,0
2021-01-29,SK하이닉스,0,1
2021-01-28,SK하이닉스,0,1
2021-01-27,SK하이닉스,0,0
2021-01-26,SK하이닉스,0,1
2021-01-25,SK하이닉스,1,1
2021-01-22,SK하이닉스,0,1
2021-01-21,SK하이닉스,1,0
2021-01-20,SK하이닉스,0,1
2021-01-19,SK하이닉스,1,0
2021-01-18,SK하이닉스,1,1
2021-01-15,SK하이닉스,0,0
2021-01-14,SK하이닉스,0,0
2021-01-13,SK하이닉스,1,0
2021-01-12,SK하이닉스,0,0
2021-01-11,SK하이닉스,0,1
2021-01-08,SK하이닉스,1,1
2021-01-07,SK하이닉스,1,0
2021-01-06,SK하이닉스,1,1
2021-01-05,SK하이닉스,1,0
2021-01-04,SK하이닉스,1,1
2020-12-30,SK하이닉스,1,0
2020-12-29,SK하이닉스,1,0
2020-12-28,SK하이닉스,0,1
2020-12-24,SK하이닉스,1,1
